{"C4VRrdWCgFrDJrNZl/ESZg==":"ben-bowens-104402-2000x1329.jpg","qRWPuL/IFZQ4oLE2/b5NiA==":"annie-spratt-51436-2000x1056.jpg","U6vKqL8Xavj6trrvS1+JOA==":"mbr-1618x1080.jpg","LxjZr0Hj7+3gX9qjaS7mWg==":"tim-trad-191574-2800x1866.jpg","WuuYi4UNdJQEOzDQ0KWDqQ==":"alexandre-godreau-188906-2800x1866.jpg","WR+SeQS5qgJzG3x0jgnCqg==":"alexandre-godreau-188906.jpg","/H2y26ZQc2JiAQoPSb1hKQ==":"tim-trad-191574.jpg","kRHrrqaTcBEWwR8VZFmbnw==":"isabella-juskova-100382.jpg","CAAP/6lIi3KBaETAUX5m0Q==":"jeremy-bishop-262139.jpg","PWj6o4drz4RcdwAwP/BkBw==":"jeremy-bishop-262140.jpg","botfl0nKqjp3OPOGvdYmKQ==":"isabella-juskova-100383.jpg","FoSy5UoUbHwn2MV4RxvN+g==":"john-salvino-317388.jpg","S6NQDj/mWIm+PLWOuW3rYA==":"forrest-cavale-13484.jpg","xjdIC8t3cgOCeT0rZUeD1A==":"garrett-sears-91351.jpg","+poWKQ9rniNPlNZVVxs5hQ==":"mbr.jpg","mj1Ioe9ZLP5pont/ZaO/5A==":"geoffrey-arduini-176853.jpg","QbzqI2uPScGh7XU/V9U2AA==":"neonbrand-199264.jpg","Nc2MnluNcoH+10zF+Q9ZMw==":"sam-wheeler-2304.jpg","sDmeZ/yaabnEHuJLtzFZQw==":"ishan-seefromthesky-118523.jpg","RAtoVrADBDAchuTWwJ+9Tw==":"mbr-1.jpg","WqtSDfPvwIQWdUme8Xwsew==":"frank-mckenna-222543.jpg","pA3zUve1aSj2b8qbXvcUhw==":"glen-jackson-301620.jpg","SuufhiGBashilNb6lrvNpw==":"guillaume-bolduc-328118.jpg","558T08ajzV2ldZ/0tqQ0pg==":"user-review.jpg","tpIWZNsU9q7OlZ/n23PZ+w==":"elen-laureano-333976-1.jpg","p2Y3OQbnS4SVfJ7kSwYCZg==":"girl.jpg","iRAMe1UTnBHDO3RwSoCG2A==":"nad-hemnani-58324.jpg","6mRm/7YsiZ/1rI5espGUJw==":"purple11-62749.jpg","Z7A0htRC6XXiD9Vx88+cbA==":"mbr-2.jpg","iLOLO8qSfqUhdMtVXRugCA==":"mbr-3.jpg","tXkF89H3Ru0cwrQqeYQfqg==":"kenyamun-logo.png","ph19zEaVn+sFene8klWSeA==":"nairobi-edit.png","wit5NO7g/RFg/ZgaZinnFQ==":"leadership-green.png","H5UOxeYymPBpcVLE3sP3WQ==":"leadership-green-1.png","mrxqgjKdqlmgrwMPKaOTVA==":"mbr-5.jpg","IYnvusF97/3st6u33RekIQ==":"background2-1.jpeg","oCLaxgE3q8RNE9BPMsrXkw==":"background4.jpeg","u/VbJS5bEue9aefx7KHyGg==":"leadership-green-2.png","Ea0WDQ5M3etmcDjjG/Uw7Q==":"whatsapp-image-2020-01-07-at-21.47.19.jpeg","yScSOV8znMJB7QM2ZeQIJg==":"leadership.png","ZSeSWNa5GkIFBocurq717Q==":"leadership-1.png","wcxLAV/6/UaDvyTtf39lWw==":"diplomacy.png","t6aXM+q3B3jrDv3DdnZ68w==":"diplomacy-1.png","omfiHvCZnuDVl9E+Rm1wHA==":"leadership-2.png","O2aGEjyyioOmS5/IZG4l1w==":"leadership-3.png","+jr5Ko+ws5Ct2QuO3X+HiA==":"2.png","gpgPgZhZVX4kAFN9kcGlEQ==":"2-1.png","Yp2BdTXEaeOEbkItaxMFkQ==":"2-2.png","VjwREqJYsdTLBlGagkNvng==":"2-3.png","rWO7Uio1c/7mTDzt3UjQhw==":"3.png","dLdW47JFwcNQxy77O5Z3Bw==":"4.png","SOBLWAkUY2meqR3el8oHdA==":"5.png","6rlbsNX+7Tc1j/5/uUtcVA==":"6.png","O1RDGyJjBUTVoFO9dePo+Q==":"image-one.jpeg","6VyDwGXU19nepg6Efg4/KA==":"image-two.jpeg","Y9/cUIFFDMEwHJA+77FeUA==":"image-three.jpeg","HrUaIHlvh6V6xnT2tvl9jA==":"image-five.jpeg","yTByqWdQ+/XCF9nN6Pnbrw==":"image-seven.jpeg","CzmJRibXtGtF5B+lDcY7WA==":"5-1.png","9qv+wuMdkhMDKf77mvXgRw==":"conf2.png","simzO6pXl7wJ53xAi7HsZA==":"whatsapp-image-2020-01-07-at-21.47.18.jpeg","jrMoTwLYa0Wjin4IMv9n4Q==":"conf2.jpeg","6Q/DwFq4miAvrKkyvagMbA==":"image-six.jpeg","UAc7kepzJPkrSn4uqTRvmw==":"background4.jpg","y2T7VWayLFWk2/A+DS4B4g==":"dsc-81.jpg","/I1p3GUIihGU8Rus3T2hOA==":"img-2037.jpg","hIPzKA38rqZLzLz1QhIM+g==":"dsc-280.jpg","qrPW0s0ETVeGWnnIkRlttQ==":"mke-7344.jpg","wWlKDnP9Zc1j1kzQCta0jw==":"dsc-36.jpg","EhDvQKFuY0wloqUbCtaxjw==":"dsc-159.jpg","D0lVqoBqz185k5ezzUNGkw==":"dsc-697.jpg","00zZUyXhpQoaC0uKo25qvA==":"product1.jpg","mIIbxW0r7dEZSbMPwcoYdg==":"background2.jpg","q0lMBZwQxKbrIosFv4wwMQ==":"dsc-4160.jpg","jpy+GR2ighthnbwCmCG4Ug==":"dsc-4144.jpg","7li4cjFgjHOzpsf3CXSdqA==":"dsc-4056.jpg","ERb0rt4Av5aItLNR+UIllw==":"dsc-836.jpg","4U9+qGGsn5OvMUwbdX6fTg==":"dsc-4161.jpg","gbhiXsVjRpB7BS25qtjzbQ==":"dsc-4145.jpg","tAqjPOekVfNhRV+zHceC0Q==":"dsc-4057.jpg","6dSdF11X4kba8e55qO+0Aw==":"mke-7345.jpg","G7h6etm7vHCkwO1jv5+tRw==":"dsc-281.jpg","TaBbXyMS/ZiYLq7Xr1IfSg==":"mke-7346.jpg","lVVOXYy8Fsj8Oz6xVyOnYA==":"jeff-kiprop.jpg","hIIu4aXIyYKnu70JJJhbfw==":"jael-jennifer.jpg","bezSLZopiz4tJm2NsAiD3A==":"jael-jennifer.jpeg","B0kJs99vH/Q/kDyviQBLlA==":"jael-jennifer-1.jpeg","pa5Dkwo/T1qgW/t0h+fQvA==":"background5.jpg","EK0enRgIFM6ulW9vkdmanw==":"img-2041-1000x667.jpg","ElecCcp4fcvpsVOTpyB4dg==":"img-2040-1000x667.jpg","aWbrkAXJstBAn3qoFDd7wQ==":"img-2039-927x618.jpg","LiBiwD9PDq1XivkXue21BQ==":"img-2038-927x618.jpg","vgXGkoqlMifUIBIlUG+nWw==":"img-2038-664x443.jpg","Zl3waAcWGyxP4DxsQhEfng==":"unnamed%20(1)-696x462.jpg","zXPfjtYGgH5/ey2BZL5dcQ==":"download%20(1)-300x168.jpg","KpciAj7R17uPkSM38EnKew==":"download%20(1)-300x168.jpeg","Ux5NrC10xWpndlBaConDbQ==":"download%20(1)-300x168.jpeg","dBMKWe2qQJLbBb3yXE37dg==":"1964_church-2-696x408.jpg","rvBfkLPw0mG2IgmGIhLxQA==":"1964_church-2-696x408.jpeg","4eg968OWHMYWS/uXE175VA==":"1964_church-3-696x408.jpeg","qvZdimd7sS5FnkEHOrvBCg==":"1964_church-4-696x408.jpeg","WNBP14SxnU8QG6Tjno/Hag==":"unnamed%20(1)-696x462.jpeg","OVdQnMZqVnklvsSVAzAqNA==":"1964_church-5-696x408.jpeg","FV46tJ/jE4kbjeOp/v5rpQ==":"images-224x224.jpeg","RjFlJgyWgGjf5NeFTHFdQw==":"16_s-640x400.jpeg","DFw/yz94f0EQkaXP5cnmhQ==":"jkuat-main-campus-gate-at-juja.-696x462.jpeg","gFOek/DI89kZz/ofaf+dUA==":"daniel-t-arap-moi-library-5-696x476.png","yB38UxsQjUDa+Op9fYvrCQ==":"xwdymy2chjimages-7-696x450.jpeg","25kflR+pfWPI43U25YPp9A==":"unnamed%20(2)-500x292.jpeg","uB8bKwtTQvQJwE80qwPO2w==":"images%20(1)-276x182.jpeg","Fk2AAiTKlLATH1zARHQu/Q==":"42194234_1912447395475583_6586974119609237504_n-696x307.jpeg","6CKa269X4C8tvAsllqrN/w==":"multimedia-university-scaled-696x522.jpeg","51iisnVJGcY9q1CXdh9IoA==":"riara_university_main_building-696x462.jpeg","AXCtvegcc+VmytPkyc86YA==":"strathmore-university-696x464.jpeg","JpXwgIab5h8h3TEVZS0ksA==":"0fgjhs2tn343jbaapg.webp","gjCnf9EODHmgPuEmTd6pSw==":"0-200x200.jpeg","rwcmqyTOkZ3IRnK/E4gSmg==":"hfwvvvfz-696x464.jpeg","3DBdelRf+t0P0apEe6N8XQ==":"cavs-640x425.jpeg","hdNYwhAFyyOpnG+ENsqncA==":"the-zetech-universitty-ruiru-campus-650x441.jpeg","kYD9z60/h7pRPoiFmK+abg==":"44247799_2076691332350873_9198123195431911424_n-300x200.jpeg","SdwYDMjYbdgzRytjZ9mdOA==":"aa.jpg-127x127.png","5Lxe/EvejpxNAT73nSBbcA==":"aa.jpg-1-127x127.png","/p1BvxWWBtzMtWhv7LAmoA==":"aa.jpg-2-127x127.png","FxHVG0CVgP/F7JHP8qyd3Q==":"face2-1.jpg","fQ2oEZGBjc7C9iYOXn1pSw==":"face3-1.jpg","oilcwoJdw5BR5rg6sNsLzA==":"unnamed%20(1)-696x462.jpeg","ExbN5jeYw/rLWi1oJnnFYw==":"download%20(1)-300x168.jpeg","ZxXC4W0kQZXi5u4dSKV9BQ==":"44247799_2076691332350873_9198123195431911424_n-1-300x200.jpeg","DvhwaXCNOXMyfouGVQ/skg==":"screenshot_20200802-162415-removebg-preview-353x707.png","eihT3PHbRVsIzHNsgMB7JA==":"20200802_160526-removebg-preview-127x127.png","BANCOiECpweT/DlMEagzRQ==":"20200802_160532-removebg-preview-132x143.png","Y+hPImS5Gw0jFdEhnJeOPA==":"20200802_160532-removebg-preview-1-132x143.png","dBRmzfNNuZ+FTHfGBOmjYA==":"20200802_160532-removebg-preview-2-132x143.png","CoKvS43VBHHXhoAXqQkNnA==":"20200802_160538-removebg-preview-151x205.png","W/lOYFxLDTiMhoSqSVGxCg==":"20200802_160538-removebg-preview-1-151x205.png","gYTqr/WDSYllfujsN9t0Zg==":"20200802_160538-removebg-preview-2-151x205.png","5q2CsX80f7A1SoE8cpu/qQ==":"20200802_160547-removebg-preview-140x131.png","a9X+99V2ixwvA0hCDPXN4A==":"20200802_160552-removebg-preview-146x142.png","lpBNSTqLlsXVnBJPIO35pQ==":"20200802_160552-removebg-preview-1-146x142.png","1xqooQWLjKxzClVIgkNtjg==":"20200802_160557-removebg-preview-150x175.png","p3eCRVMCZiksHnghEnk09g==":"baraton%201-136x180.png","6bbAb4Nk+MqnfY0+qdHmJA==":"baraton%202-168x175.png","Mcjqu6I/5vyXVCz74FbUMw==":"baraton%203-144x186.png","Tv3+69ukS0GEIkLCjougCw==":"baraton%204-139x168.png","TUK36bARK8OrgKEi3+egNQ==":"baraton%205-156x180.png","oBmhBadvs21RNpPjjAWx3Q==":"baraton%206-151x186.png","vW6v1ZmRkb94/O1iCdEErw==":"baraton%207-138x178.png","5nUiGMcDyIoOsjA09qT50Q==":"day1-200x227.jpg","6X3nmlotZ3srDMsvQu9VnA==":"day1-200x227.jpeg","YSgmVmNECO/HVXWx3Jg1Cg==":"day2-240x235.jpg","o4kWgQY+dqA9DO4reAhbEg==":"day2-240x235.jpeg","SiLNpUr8onEWgdXEPeuhZg==":"day3-211x232.jpg","GKwxhfkXWyXOORzP/ey/lg==":"day4-240x160.jpg","ZvmL10VR08GwylGNDU3RPw==":"day4-240x160.jpeg","lh9Vqmjb1wdI2iGBQkae0A==":"day5-219x273.jpg","qhp1gEWlfpBVOqblnhcRjw==":"day5-219x273.jpeg","f5c/85o2Kqh/9UlAQfaocw==":"day5-1-219x273.jpeg","V55lPL+eEclxhPMdFQzo5w==":"modes-106x142.png","YFtwFDJGXHP5wYQHq8SRHQ==":"day6-240x179.jpg","CBFjj5jyPzgV9WrmIR5IhQ==":"day6-240x179.jpeg","pRjPIRJHS55vFqmbWI7qWw==":"img-2039-927x618.jpeg","1/4//doq4J7xUttX6ZCMBA==":"qquuou5avrwht1vubaip92ebvo1qkkkeuvxekehr6gi-540x540.jpg","qNQX94WUtMy6elYpjf55Ag==":"unnamed%20(1)-696x462.jpeg","gLT+zWbZz2S7zWfdhQqNSA==":"usg-210x255.png","qA5Af8ffW0pE/9l7/eKtLg==":"usg-1-210x255.png","cWPOk77JR9Vxc0zMXAPYpQ==":"usg-2-210x255.png","zbwQPyuyzEJE3wKO7ruOGw==":"dusg-240x223.png","k9S6BDZYtP82YRQXJ+OJ0w==":"usg-3-210x255.png","55CDqog4UdsUhRCOYJsUoQ==":"usg-4-210x255.png","1QGGna25rXvmY5dtycS0iQ==":"pga-240x320.jpeg","5Ua1d/kE0FPvE2I0fWy8dw==":"pga-1-240x320.jpeg","xVsraYf/d2XiQApYUZl5Yw==":"pga-2-240x320.jpeg","d5Cm4YV42o6GTJtKvJ6X0w==":"dpga-240x320.jpg","y3vcbYIhoz1w6NYq/TwVWw==":"dpga-240x320.jpeg","KqnJh3EOWEje6Ukqe2EoyA==":"dpga-1-240x320.jpeg","2OYjmksQhmR9F8F0p+n7Xg==":"finance-240x320.jpeg","QDA31poM2LuxnNMxZ8Hnog==":"conference-240x240.jpeg","dMv2fBv79TJFiIB4noYwng==":"conference-1-240x240.jpeg","gmj/y2eRHPU0mBe04PCSuQ==":"conference-2-240x240.jpeg","XBMN9qa5Z2WwGSjYRlqpag==":"conference-3-240x240.jpeg","Z3SF605XEFClivWHLPHtPg==":"communications-240x360.png","ouWTM2AF6/rrJ9biwRX9zw==":"usg-136x155.png","h4gORxKlO4N5wdLtc+8+VA==":"day2-1-240x235.jpeg","SASZ4FbMFkQl0HEgz0Zr/Q==":"usg-240x295.png","9VpmDdROvxk9hsYPPgpHAQ==":"dusg-240x178.png","BNmRGWN0xulFnJbeDQM28w==":"dusg-1-240x178.png","LdOPFR+J6v+fHbNLOsec4w==":"dusg-2-240x178.png","uXeFhn6nyR12kbL9t5d9DQ==":"pga-162x416.png","qSui+RMFLPl7xSnopwHoww==":"pga-1-162x416.png","gc4JZxPxzzdhN2TMhG5GfQ==":"dpga-197x331.png","qchGHXwNL0w6p1E4EWn48w==":"dpga-1-197x331.png","YdMu5GwZYCBXFEuJ8fLP6A==":"dpga-2-197x331.png","CR8NeGk8RL3Fja73Hrr+TQ==":"conference-233x231.png","8ZhEfMVuJ7EGgZKx2FpTtQ==":"communications-228x304.png","Ma7m93nuTVdEm3p6Uz8wiw==":"communications-1-228x304.png","1ukcHTHlEHhGDeDaJyVfHg==":"usg-204x271.png","LfQyTNDTnkQd+z4QZj3Z8Q==":"usg-1-204x271.png","i12r8ISRFPNSkRhkUzKRzg==":"dusg-240x304.jpg","BlZCqhR1PLm/tZqMMKyFeg==":"dusg-240x304.jpeg","0UI6RuF/i4npcKxLo4fGfQ==":"pga-3-240x320.jpeg","2Kg/5RfQw13N2OtRbjexoQ==":"pga-4-240x320.jpeg","l87Mj5Qr9gVZoBF/U9+Niw==":"dpga-240x160.jpg","BhdufrINQYCrNavpdGP9bA==":"dpga-240x160.jpeg","3hzSDwO6Lan7IPESlFBrpg==":"pilc-240x235.jpeg","zspHk9REPe4TCGB7vok5wQ==":"pilc-1-240x235.jpeg","QmeBkCTq3AEM6KGyj97ucQ==":"dpilc-240x416.jpeg","Zxz6zELY7vBQ8sU2Lnd9qw==":"picj-240x160.jpg","zV9TGI+orunx2BMTAXMySg==":"picj-240x160.jpeg","Gz0eksLkyCrOsXWi7pW7rQ==":"dpicj-240x270.jpeg","FPAPHv/45T6WUoOhFuEBkQ==":"conference-240x374.jpeg","HIYNMxtPI6OgIAGHIPJ2QQ==":"communications-240x240.jpeg","xiywjLACgzWsE1YwYcQQkQ==":"finance-204x308.png","31IcUlQPgA1djk3rNrLyuA==":"deputy%20finance-240x161.png","bYj08/AkLMgdMoWep9De2w==":"deputy%20finance-240x161.png","pli8BTUfuOcxl/HIce7glQ==":"usg-197x202.png","1RwCq/VhwUaYMX98lJKpnQ==":"usg-1-197x202.png","q7Oo91QUyGbrq8+ejm0h2g==":"dusg-124x158.png","2EOZQau0yTeRlyKMWffeYQ==":"dusg-1-124x158.png","cQdu+UGc1C382Y5B40uG8g==":"dusg-2-124x158.png","yvZHNxuOR+722fTJ4DXmrA==":"communications-172x137.png","csvU0VEgOc3oNya2S5goXg==":"conference-161x185.png","NKj8gtUqdF7azioRXv8C1Q==":"finance-135x176.png","uJ6dJQ1NbaWqnYTtHM7uLg==":"finance-1-135x176.png","/l9xgaz4YmBjdjNrRtmo/w==":"finance-2-135x176.png","t01o4bV1M/BLv/MpPqbuBw==":"usg-240x160.jpeg","knI2klqcpLZ8y4naIm2HLw==":"usg-240x160.jpg","9txy09j7ulUYTUYmvlOAtQ==":"usg-1-240x160.jpeg","zeKXFAT3jfzOm9M1l2uxlQ==":"dusg-108x151.png","Wn5NHv0OywCuOBIPAdYDiQ==":"dusg-1-108x151.png","+0ajWkWx1uzIeHBkSej6pQ==":"pga-194x186.jpg","DZsnzKqw0ck5BDDzGavjXQ==":"finance-103x110.png","8pQH8+L1IjDQtAwCF8zcNQ==":"communications-131x190.png","QhVmWq5zQbJZRqIkYP92Yg==":"communications-1-131x190.png","BGBizZf00biOAO0Ghikrog==":"deputy%20communications-240x240.jpg","CUYiT72Z90PSVQmJqU2mOA==":"dusg-240x227.jpeg","oQiTwevqP7a56u8Iu0DimQ==":"pga-240x131.jpeg","OQTEJrNdNVAmsoDMhUi0uQ==":"communications-151x168.png","lddbV14K9aJgaHyp5v8aHQ==":"pilc-236x227.png","AagUf19trBGn4qgWlv1SDg==":"picj-183x191.png","uGtQa3Q1BsRknK5AWABU8g==":"conference-202x224.png","jsKNYLe4orMw8ab8Uh9TBg==":"finance-189x177.png","epUauEveKyg+rrurP2wV5g==":"finance-1-189x177.png","mVR5k3ETl12zGotrp8Gyww==":"csr-136x199.png","C8TqDUaOKM6UipisO5h3aQ==":"usg-235x289.jpg","zIsZgNx5oPJbHA4BF6RAdg==":"pga-195x180.jpeg","mc9JbID8p/eXdTAXdOjyhA==":"dpga-240x240.jpg","M1REuZ4MDrFlqAV3TOn2DQ==":"dpga-240x240.jpeg","QARSLrNgEx5CvN/I3r5K9g==":"pilc-205x195.jpeg","ovtnysqqhdACVUHIBikRuA==":"dpilc-183x232.jpeg","RPoYR3eJSc23K046yTo/mg==":"picj-196x244.jpeg","hjAjvR+E2LAM3Dj0P0uZMA==":"picj-1-196x244.jpeg","YO0O9h3x3FMAkxlmm8/KyA==":"communications-144x217.jpg","3ZziZa2KFR3+2v8AUHEBiA==":"communications-144x217.jpeg","iqOU7Etx1o0Ux4x/bexxdA==":"usg-210x230.png","HeOn8yxZltMTc57IBvzn5g==":"dusg-148x148.png","RUa4ukKyWiuUo1B2ERSFoA==":"pga-108x140.png","W7c5Z868hidihUZZ3Ut0gg==":"conference-127x157.png","sTem0cEYhOHrJ2h4SNjvuA==":"communications-142x150.png","NBooGJOHmaOaWywoAk5WBA==":"communications-1-142x150.png","JhVbCru3DcDTrqYDphGOHg==":"finance-122x125.png","L72muJNBWkioCbjlcEgZ0Q==":"finance-1-122x125.png","GXE+8TkLvwuM4ARzl4cmqA==":"projects-152x209.png","gCRTgBZVSXsWlmyrerOl9Q==":"projects-1-152x209.png","RbUzgbwZkN1hieWMvRKB5Q==":"usg-240x222.png","b+92UpcaEd78qULAHRKw/Q==":"pga-123x142.png","fvsN5ui0ByDKOTMm4jRUbw==":"communications-128x166.png","t1msKoWfInCMQKqa0fSdjg==":"picj-114x136.png","8ZetUfljvKx7gYPRjH1RUQ==":"conference-107x106.png","Adui2pdba9fdiT1Q70wy3g==":"finance-100x114.png","OkEelWQhgDj7Ez//4vI23A==":"finance-1-100x114.png","dnwVaNicpk6dmgdkEbUAZg==":"usg-125x142.png","lZEK0zyaKzKEj+9WkqkL1Q==":"dusg-184x246.png","x5PaBMCVKrw5Fs9nFzPYLw==":"pga-185x205.png","2U1ioTDaz3iehiWD4zXL9Q==":"pga-1-185x205.png","VagvnrfIOR6bzNSR5meEAA==":"dpga-176x227.png","+pQcemlGUibtcVSG3120jw==":"pilc-170x223.png","4krxcHs4YL3WmZz5jZxcAQ==":"picj-189x111.png","4sIyfuGvVzSyoZpaklXQBQ==":"communications-178x221.png","xGCNKJprs7Kwj0HEXobKtg==":"communications-1-178x221.png","56YcgGC41nz2R8k95Lu+2g==":"deputy%20communications-178x178.png","6VyoGXGlz2VvSnoQo/Y+eg==":"finance-145x257.png","IF+vwj1N/2cb5uA3JiVMEg==":"finance-1-145x257.png","mD5AWs/IONnTbgGXRMqDJw==":"deputy%20finance-174x211.png","GVFzXzu8AspKNptSGsMv9w==":"events-142x190.png","UjUQlRs4xpXNdo7bJBsiUQ==":"usg-179x179.png","6Jf2LLkANUyxsOBUPEieyw==":"dusg-134x90.png","tD0ggdl6uIY/Brr1vJELSg==":"dusg-1-134x90.png","P/Ax8aOKJhUly6q4e410uQ==":"dusg-2-134x90.png","wb+AgFUtNy/pgMs86/1NWw==":"dusg-3-134x90.png","3MI6be0Rg8k6SB92Vor42g==":"pga-204x200.png","+g31t2ldv9F8tTFMy5VViw==":"communications-185x177.png","jPVWDxhNqt3wF9eIabVr3g==":"deputy%20communications-240x160.png","+GW0L48mlHXBglgrVDskjw==":"conference-181x240.png","qpHwc9U8dUX1e/acpD4LyA==":"finance-193x175.png","o3ZLIVOj9oSSYP23M/2j0A==":"finance-1-193x175.png","4MqiEHxsR0u72kJRJGkO5g==":"usg-165x192.png","xMrT/V1GaPRzGAi+ZznwtQ==":"pga-162x186.png","DO6p+u/AI86yK4fgGmgMKA==":"pga-1-162x186.png","57DZKnuK18pSrqTm4aXchw==":"pga-2-162x186.png","cmAJvD/QiZYwEvEX06pGGw==":"picj-119x150.png","JZSfHP5O2MKBAVmXZSVviw==":"communications-138x168.png","4U6XP1NmABvGSsWJPTthIQ==":"usg-240x240.jpg","zkRp6CsIJ3Be5Fl96UxMFQ==":"dusg-240x520.jpg","qY1bl784RdBXle/Mz0XAPQ==":"dusg-240x520.jpeg","GhqcTsboyEvNIHiL/2tbtQ==":"pga-240x160.jpeg","EfiJO84kNCN5HcEBqJK9Mg==":"pga-1-240x160.jpeg","78/p6/bIUq1R8KhwWjH+4g==":"dpga-1-240x320.jpg","QNzJjTlNfyBkQD3e45WHmQ==":"oversight-240x360.jpeg","JqYbmD0GZjdionOb3f5sNQ==":"communications-240x320.jpg","SHEmBP9MSqh70a/yptSPuw==":"pilc-240x318.jpg","jYbhw5LAXOWoX4pnKwB3MQ==":"pilc-240x318.jpeg","5Uz3yOT8zRV1APhobPefsw==":"picj-240x320.jpeg","OFP1iaFuN7R462FjbtXUMQ==":"picj-1-240x320.jpeg","/kvBMs4vj0fDjbdQ9WTMug==":"conference-240x378.jpg","1cF4+pYU6cCJdokYtljUoA==":"conference-240x378.jpeg","u41VqqAuYTyM9GpxgwkKaQ==":"conference-1-240x378.jpeg","OXthVc6d8jeT9d9HVcblsQ==":"finance-1-240x320.jpeg","ytlBQVDSLorAR09wKX8ctQ==":"image-one-1.jpeg","78HAPKWGFjJqAjg5wzUgpA==":"image-two-1.jpeg","7FjqLhfqa0mEv+kVgFLlyA==":"image-six-1.jpeg","P1ADLIgZ/7h0+BgAkdnCsQ==":"image-one-2.jpeg","eqqvys7tywAT1/2drr5N/g==":"image-one-3.jpeg","4x9rMPRiIa4lRF0191X7ow==":"whatsapp-image-2020-01-07-at-21.47.18-1.jpeg","+ZDJT7ZKTnnsW0Z7RwAmRQ==":"samuel%20mwendwa%20%20(1)-2-240x360.jpg","c52SLxdjgC3QunNBQ+A1hA==":"samuel%20mwendwa%20%20(1)-2-240x360.jpeg","fzLxVWcDMhTXaK9NqVExPA==":"samuel%20mwendwa%20%20(1)-2-240x360.jpeg","apuSNV9d25zki6IXkGtH4g==":"samuel%20mwendwa%20%20(1)-2-240x360.jpeg","5cEQ/fIOGc4kbDDqU279jA==":"img-1714-150x150.jpg","+Db0mJ0cVzBouKO0AtFgfQ==":"dsc-249-1162x777.jpg","tfuR4DiAD4cooh6bU6kOJw==":"under%20secretary%20general-240x360.jpg","8v0vRxuR3gL0BNLUsCN9PA==":"under%20secretary%20general-240x360.jpeg","dAnS9+FgCgHSc6LxrOomTg==":"deputy%20under%20secretary%20general-240x319.jpeg","7IgV9lAHkbgjhwmUvUk8+A==":"deputy%20under%20secretary%20general-240x319.jpeg","tT1AkkSzuR+EKDPODb9zWw==":"president%20of%20the%20general%20assembly-240x355.jpg","Yc/cS0VMKNR1bO4E1LUWSw==":"president%20of%20the%20international%20law%20commission-240x309.jpg","DwJfYB3Bij5jtmZWtavdBg==":"president%20of%20the%20international%20court%20of%20justice-240x325.jpg","g/O91WqqhHwxMupph4Uv7w==":"conference%20director-240x189.jpeg","AtBFMPwGUTtk+s17PKTfrw==":"communications%20director-240x416.jpg","rSAU6PgDA2IkTAOdgAeDOQ==":"communications%20director-240x416.jpeg","OFWc6sCsaggGK6xF9GKARw==":"finance%20director-240x319.jpeg","t4x2bHsf/sFWPKOh/jIsdg==":"director%20of%20corporate%20and%20social%20responsibility-240x293.jpeg","Uii4lu83Nz31n8a25m1AjA==":"img-20200805-wa0007%20(1)-240x360.jpg","0mJAPL9vYld12nEE+J4f6g==":"img-20200805-wa0007%20(1)-240x360.jpeg","j089jBjcNXEM9WPyZMzfzQ==":"0%20(1)-240x240.jpg","IVSMO56mygi840+Q444ALQ==":"0%20(1)-240x240.jpeg","oYQoTnXaNjTJEOueCi2vBQ==":"xhpytsmy_400x400-240x240.jpeg","ispsjULwd/uS60yojGl+Zg==":"screenshot_20200814-123009-240x480.png","2CeSyOsbsrShW9PydR6zoA==":"screenshot_20200814-123010-240x480.png","hc0mfZGuPRz+mzP4f3cibw==":"screenshot_20200814-123011-240x480.png","dXawzZACkPd4BfjnhsBQ+Q==":"screenshot_20200814-123012-240x480.png","2taeTYh252eypjDy1L97DQ==":"screenshot_20200814-123017-240x480.png","4Ph5jGBA5LNbpHV8zcTuTw==":"screenshot_20200814-123018-240x480.png","cZGU+uelqAPjcsDXioamRQ==":"screenshot_20200814-123134-240x480.png","mI3vU9VZnw7G/MNE9OXD/w==":"screenshot_20200814-123150-240x480.png","1zNWfPDixny5x3xJcXnnwA==":"screenshot_20200814-123151-240x480.png","ueBJ1YNBkRIzDNKVkkirTg==":"screenshot_20200814-123206-240x480.png","NtLVezeZbmRNgwBHBdruvw==":"screenshot_20200814-123207-240x480.png","HLtRfzhfQ1gWkAiOND85BA==":"screenshot_20200814-130202-240x480.png","Nm+7EN9rPd1Og7FdQ8knZA==":"screenshot_20200814-130203-240x480.png","io2FTw2plQQ3K2JcDOY8ug==":"screenshot_20200814-134125-240x480.png","+Mu3I42CgQ1rVujTs5v35Q==":"screenshot_20200814-134126-240x480.png","C14cPpcnBcDQYTq+zoaG0Q==":"screenshot_20200814-140745-240x480.png","DhT1/0K2mwTmFzGDSkDuDw==":"screenshot_20200814-140746-240x480.png","GLJIqsH8upQmDgGvMuc3Lw==":"dusg-2-108x151.png","x0IgcUYmejqO5UkH/ROAlQ==":"screenshot_20200814-144652-240x480.png","AeEzmL99tFTEW/5xeRsbVg==":"img-20200814-wa0074-696x334.jpg","SAE977qOZEA00j6nOskYtw==":"screenshot_20200814-173716-240x480.png","t5yf05JReNWw9n9t2b7vJg==":"screenshot_20200814-173719-240x480.png","G4m4NIceq46Q7e8M0VT+TQ==":"screenshot_20200814-173720-240x480.png","Qg7GucqqmU5NnOgNOyKTdA==":"img-2070-2000x1047.jpeg","K9bH3I1/P3hIQK0HXvviWQ==":"img-20200713-wa0020-removebg-preview%20(1)-556x449.png","gAKrVN4ti1WJhHZbog2Ndg==":"img-20200814-wa0004-removebg-preview-289x174.png","+PH/y00jM1V60OVM9xiUUA==":"img-20200713-wa0020-removebg-preview%20(1)-556x449.png","0pLGHrOv7PTkl2rjBjnNYw==":"img-20200814-wa0004-removebg-preview-1-289x174.png","ULS5HUq9nnz+TO1pi9ZGyg==":"img-20200814-wa0004-removebg-preview-2-289x174.png","mRpLXHamINvcb9f83Hls4Q==":"img-20200814-wa0007-removebg-preview%20(2)-500x500.png","Aiu7pR77Q6ZfkJ6hZfSDww==":"1597400774961-441x416.png","7BsC4TLgX5eAGqCxq+ca/A==":"1597392331851-497x485.png","ETZL1cggK0KePnBZm59G2w==":"img-20200814-wa0009-removebg-preview-696x334.png","fBOLm2DUEXU6DvhFCDgwTQ==":"1597393725246-418x597.png","ox4zQ3tUH5XczvYwOLdBdg==":"img_20200814-113908-480x378.png","a0aqrBY30eksCanScvJ2vA==":"img-20200814-wa0003-removebg-preview-696x357.png","xadDLeVx+wzYZ9wYEhNgPg==":"kumain-500x500.png","ZOXnK3Pyr3aPj5MpPlnFXQ==":"kumain-1-500x500.png","gxjcMhP0Jhoz6+ntk1/c7g==":"img-20200814-wa0005-removebg-preview-594x420.png","o1lvXEh6SLiLnKGTuaqhLw==":"img-20200814-wa0006-removebg-preview-500x500.png","EUzPvh89DYTawC5zxRBFpA==":"1597392439511-375x316.png","vgXKQKfyj71d9q90ROU6PQ==":"img-20200814-wa0009-removebg-preview-1-696x334.png","gHnMZq4W61vIanYmgrqDpg==":"img-20200814-wa0009-removebg-preview-2-696x334.png","J8nv5HYPN1AgeaRUuv1xog==":"img-20200814-wa0009-removebg-preview-3-696x334.png","oCLkgPZG8SzxvisqkpisDQ==":"img-20200814-wa0009-removebg-preview-4-696x334.png","fzcjurNTKxbWWap/5TQeSg==":"img-20200814-wa0009-removebg-preview-5-696x334.png","PbOor8ntHUa9id7BFBBLbg==":"img-20200814-wa0009-removebg-preview-6-696x334.png","OmK0UoTh5bB5cKMbhEYtsA==":"1597392331851-1-497x485.png","BGk/hv6SeInHDeaD/JESxw==":"ae2ca8148b1790117993201874188431-480x360.jpg","7NzHMnyG2a3nUpLl8qVNBA==":"img-20200814-wa0007-removebg-preview%20(3)-500x500.png","yASq/49/87VxipO0RqkDJg==":"5123122424_a860a1374a_b-1024x681.jpg","8M/GUmXMKvur72/czzfgsg==":"cuea-900x599.jpg","1N9ULxKwYlJ/UPhUxY4Mxg==":"daystar-university-athi-river-campus-e1522699145660-400x222.png","dN0/j2IotaiAEJJzNHwSzg==":"img-20200814-wa0009-removebg-preview-removebg-preview-720x346.png","qz8QhxfsDbkFiWMkBTGjxw==":"img-20200814-wa0009-removebg-preview%20(1)-720x346.png","VCKU3Iay26vkcdvTcb5dXg==":"img-20200814-wa0009-removebg-preview-removebg-preview%20(1)-720x346.png","8H8zx8nMFAuWXb6sJJM21Q==":"img-20200814-wa0009-removebg-preview-removebg-preview%20(2)-720x346.png","eepenngpE7oYKg7JL+nwMQ==":"img-20200814-wa0009-removebg-preview-removebg-preview%20(3)-720x346.png","/4Qn9HwWXLxyS/xh8aW+lA==":"jkuat-karen-campus-2000x1333.jpg","T6IWQ7daQq0Cc0m7QDXnYA==":"kumain-2-500x500.png","HeiaTVTZItDJs8cpinraCA==":"diana-240x330.png","zeOK+R79tSe9dcVs1aTHbw==":"umazi-240x273.png","+/OQ/54I+1xW+hOb5psQCg==":"pga-2-162x416.png","motwyGxkbiBU8Z88HcgmjA==":"pga-3-162x416.png","+n4HqJRySXH0kR+0RmdzvQ==":"jkuat-main-campus-gate-at-juja.%20(1)-2000x1328.jpg","m917Iy9eMQZhpgDdw8OoAQ==":"kabarak-univerity-2018-admission-dates-and-kuccps-admission-letters-for-first-years-1313x604.jpg","5VEk+oZJN+T/hf/AKOiLwQ==":"unnamed%20(3)-500x292.jpg","MxW5jXe2t5s+rWkRaob8mQ==":"unnamed%20(4)-512x269.jpg","nlNFRk0QKl9Z4MRTQoZjmQ==":"img-20200814-wa0009-removebg-preview-removebg-preview%20(4)-720x346.png","CRCwnklzGK1/KOwamWKUoA==":"download%20(2)-225x225.jpg","BCSYrvI2Hc6pGSXalDtxQg==":"communications-1-144x217.jpeg","75cC/k2gKfCLoc30HxCamg==":"img-20200814-wa0009-removebg-preview-removebg-preview%20(5)-720x346.png","dYxhfFl+kdhBe2OcGxc/EQ==":"moi-university-1024x768.jpg","UdrALCB+ZlOqKK5V6u/KfQ==":"multimedia-university-1024x768.jpg","W7r5vdWSY6L1b/0uPx+yoQ==":"000067new-1-1400x933.jpg","r4RWcej/FpcTkkEO3B0rQw==":"img-20200814-wa0009-removebg-preview-removebg-preview%20(6)-720x346.png","6M0gA3AhaLYm9/w3dGV5gw==":"an_aerial_view_of_strathmore-university_keri_campus-2000x1125.jpg","T9Zg7hLnecQ/R4YjHs5CIw==":"img-20200814-wa0009-removebg-preview-removebg-preview%20(7)-720x346.png","6bwEJKt8nuy1zVaNRMThmA==":"0fgjhs2tn343jbaapg-1.webp","MbiGljQw72O+xfeS5KXpOw==":"img-20200814-wa0009-removebg-preview-removebg-preview%20(8)-720x346.png","p4yHgYtJMYgb6USdwcF7Jw==":"uniplaza-640x480.jpg","80JqHFSr2lnISb8pIUe8sw==":"l_cdf0a4079b7369eac94d0e140a8b09d6-640x480.jpg","1euFZlOXyk5lAxl1MtPD9g==":"cavs-640x425.jpg","fR+KzyB/REa3inHvJquZ4A==":"img_3968%20(1)-240x160.jpeg","VBdcF8A7zdZlPeCn2TpNsQ==":"zetech-691x425.jpg","SDwoLgq7OiN84nKhx/8yVw==":"cxpybskxgaamxlr-1200x800.jpg","DMZp6giWKf7m2jz2Ju+wNg==":"screenshot_20200815-100937-240x480.png","ew9nDVKOi+xwN16aUJa0yg==":"usg-240x401.png","fWQqUsqKpi/mrHz9Ep76PQ==":"usg-1-240x401.png","i8DotfHK+cqX3J7vvc08pQ==":"dusg-240x208.png","sKlPvtmxmyvaQZdUi8O+zQ==":"dpga-223x272.png","iJyLYi+9XIX48+ov1+R+TA==":"finance-240x282.png","Ii8/8b1MmJssCI052FdODA==":"finance-1-240x282.png","mgzDyTVd88wskq+yj5OdNw==":"finance-2-189x177.png","mNerlMr+41UZTAXPzsj4iA==":"finance-3-189x177.png","tccCosWU64v7x/bOCvVIiQ==":"deputy%20finance-240x247.png","+TIReLD29kRRxCL8kpS00A==":"communications-1-151x168.png","1mnsCojlvl1rwZyzGcG3iw==":"communications-2-151x168.png","Sg04fbUKQDnaYdmjYlD7kg==":"conference-240x217.jpeg","GSbl5CGlE/cqzmBJAQ/HNA==":"conference-1-240x217.jpeg","Qbb3YrNgT7Fd7aEhGxtXkg==":"deputy%20conference-240x228.png","2QqhRp0RAjAaMKyuZYL7Jg==":"csr-240x360.jpeg","t36Za8w+tJt7+fDifZJ9vw==":"deputy%20csr-240x330.jpeg","YaPxPSjkBB+dwNO9kAxHTw==":"whatsapp%20image%202020-07-21%20at%2010.27.18%20am-240x240.jpeg","7Mi0Z+tnM7ZK5seRr7uQBg==":"img_kmun%200207_101039_298%20(1)-240x256.jpeg","DRDUIXgnrSGosnDM7o8T/g==":"whatsapp%20image%202020-07-21%20at%2011.26.12%20am-240x248.jpeg","UGgOtFxvX9pyiNt3K7UeJw==":"screenshot_20200815-163302_instagram-240x240.jpg","tSHA+45iw4cv/elLXDarfQ==":"img-1408-240x160.jpeg","QNJie6nvcoMIh9611zz++g==":"img-1409-240x160.jpeg","e4AONa+EZrVVB9mqzJHkLw==":"img-1410-240x160.jpeg","jpHbseOs7OKkd9SN8uYy2Q==":"whatsapp%20image%202020-07-22%20at%207.39.41%20am-240x234.jpeg","sVVy6GuZBAz0pz9iMH2wSA==":"whatsapp%20image%202020-07-21%20at%2011.05.02%20am-240x282.jpg","hVMKH4t5WriNcinD3SJ58w==":"img-20200610-wa0025%20(1)-240x427.jpeg","mVk8/OJwJpxNV9e85Vqq3Q==":"img-20200610-wa0025%20(1)-240x427.jpeg","s9dIYnkxasI1bQV2LmB/eA==":"img-1411-240x160.jpeg","j1/iPhSv1poxpvM2LyuRSg==":"screenshot_20200815-201319-240x480.png","jLDrQvNXePt2sFfWwqjfiw==":"screenshot_20200815-201320-240x480.png","EzHBz0uvv8X7kXeyi8LS+A==":"whatsapp%20image%202020-08-31%20at%2017.26.37-240x360.jpg"}